"first_name","last_name","gender","age","salary","expenditure","savings","expenditure_percentage","savings_percentage"
"Aditi ","Mishra","Female",35,80000.00,65000.00,15000.00,0.8125,0.1875
"Sona","Singh","Female",35,70000.00,58000.00,12000.00,0.8286,0.1714
"Devi","Thakur","Female",36,65000.00,60000.00,5000.00,0.9231,0.0769
"Anjali","Kaur","Female",42,62000.00,50000.00,12000.00,0.8065,0.1935
"Sahil","Deshmukh","Male",29,62000.00,57000.00,5000.00,0.9194,0.0806
"Adhira","Das","Male",42,62000.00,59000.00,3000.00,0.9516,0.0484
"Divya","Bhatt","Female",42,52500.00,47000.00,5500.00,0.8952,0.1048
"Amar","Rao","Male",52,52100.00,46000.00,6100.00,0.8829,0.1171
"Jaya","Mehta","Female",28,52000.00,46000.00,6000.00,0.8846,0.1154
"Candy","Patel","Female",35,52000.00,40000.00,12000.00,0.7692,0.2308
"Sudhir","Mishra","Male",35,52000.00,47000.00,5000.00,0.9038,0.0962
"Raghav","Verma","Male",28,51000.00,49000.00,2000.00,0.9608,0.0392
"Amitabh","Joshi","Male",36,51000.00,50000.00,1000.00,0.9804,0.0196
"Kanak","Patel","Male",45,50500.00,40000.00,10500.00,0.7921,0.2079
"Tulsi","Acharya","Female",40,45200.00,40000.00,5200.00,0.8850,0.1150
"Jasleen","Kaur","Female",50,45000.00,40000.00,5000.00,0.8889,0.1111
"Nil","Kumar","Male",44,42000.00,38000.00,4000.00,0.9048,0.0952
"Anand","Yadav","Male",28,42000.00,38000.00,4000.00,0.9048,0.0952
"Atharva","Das","Male",29,41000.00,35000.00,6000.00,0.8537,0.1463
"Charu","Patil","Female",26,40000.00,35000.00,5000.00,0.8750,0.1250
"Ajay","Shah","Male",35,36000.00,32000.00,4000.00,0.8889,0.1111
"Jai","Patil","Male",36,35500.00,30000.00,5500.00,0.8451,0.1549
"Ishaan ","Sharma","Male",35,35000.00,25000.00,10000.00,0.7143,0.2857
"Dhruva","Yadav","Male",42,35000.00,22000.00,13000.00,0.6286,0.3714
"Artha","Sharma","Male",31,35000.00,31000.00,4000.00,0.8857,0.1143
"Shaila","Gupta","Female",51,35000.00,34000.00,1000.00,0.9714,0.0286
"Inaya","Kumari","Female",52,30000.00,20000.00,10000.00,0.6667,0.3333
"Darsh","Kulkarni","Male",41,30000.00,28000.00,2000.00,0.9333,0.0667
"Mihir","Shah","Male",30,30000.00,28000.00,2000.00,0.9333,0.0667
"Agastya","Joshi","Male",50,25500.00,20000.00,5500.00,0.7843,0.2157
"Shaan","Pandey","Male",37,25200.00,22000.00,3200.00,0.8730,0.1270
"Navi ","Gupta","Female",51,25000.00,20000.00,5000.00,0.8000,0.2000
"Ambar","Khatri","Male",36,25000.00,22000.00,3000.00,0.8800,0.1200
"Lata ","Agarwal","Female",28,25000.00,24000.00,1000.00,0.9600,0.0400
"Anaya","Agarwal","Female",25,24100.00,21000.00,3100.00,0.8714,0.1286
"Aditi ","Mishra","Female",35,80000.00,65000.00,15000.00,0.8125,0.1875
"Sona","Singh","Female",35,70000.00,58000.00,12000.00,0.8286,0.1714
"Devi","Thakur","Female",36,65000.00,60000.00,5000.00,0.9231,0.0769
"Anjali","Kaur","Female",42,62000.00,50000.00,12000.00,0.8065,0.1935
"Sahil","Deshmukh","Male",29,62000.00,57000.00,5000.00,0.9194,0.0806
"Adhira","Das","Male",42,62000.00,59000.00,3000.00,0.9516,0.0484
"Divya","Bhatt","Female",42,52500.00,47000.00,5500.00,0.8952,0.1048
"Amar","Rao","Male",52,52100.00,46000.00,6100.00,0.8829,0.1171
"Jaya","Mehta","Female",28,52000.00,46000.00,6000.00,0.8846,0.1154
"Candy","Patel","Female",35,52000.00,40000.00,12000.00,0.7692,0.2308
"Sudhir","Mishra","Male",35,52000.00,47000.00,5000.00,0.9038,0.0962
"Raghav","Verma","Male",28,51000.00,49000.00,2000.00,0.9608,0.0392
"Amitabh","Joshi","Male",36,51000.00,50000.00,1000.00,0.9804,0.0196
"Kanak","Patel","Male",45,50500.00,40000.00,10500.00,0.7921,0.2079
"Tulsi","Acharya","Female",40,45200.00,40000.00,5200.00,0.8850,0.1150
"Jasleen","Kaur","Female",50,45000.00,40000.00,5000.00,0.8889,0.1111
"Nil","Kumar","Male",44,42000.00,38000.00,4000.00,0.9048,0.0952
"Anand","Yadav","Male",28,42000.00,38000.00,4000.00,0.9048,0.0952
"Atharva","Das","Male",29,41000.00,35000.00,6000.00,0.8537,0.1463
"Charu","Patil","Female",26,40000.00,35000.00,5000.00,0.8750,0.1250
"Ajay","Shah","Male",35,36000.00,32000.00,4000.00,0.8889,0.1111
"Jai","Patil","Male",36,35500.00,30000.00,5500.00,0.8451,0.1549
"Ishaan ","Sharma","Male",35,35000.00,25000.00,10000.00,0.7143,0.2857
"Dhruva","Yadav","Male",42,35000.00,22000.00,13000.00,0.6286,0.3714
"Artha","Sharma","Male",31,35000.00,31000.00,4000.00,0.8857,0.1143
"Shaila","Gupta","Female",51,35000.00,34000.00,1000.00,0.9714,0.0286
"Inaya","Kumari","Female",52,30000.00,20000.00,10000.00,0.6667,0.3333
"Darsh","Kulkarni","Male",41,30000.00,28000.00,2000.00,0.9333,0.0667
"Mihir","Shah","Male",30,30000.00,28000.00,2000.00,0.9333,0.0667
"Agastya","Joshi","Male",50,25500.00,20000.00,5500.00,0.7843,0.2157
"Shaan","Pandey","Male",37,25200.00,22000.00,3200.00,0.8730,0.1270
"Navi ","Gupta","Female",51,25000.00,20000.00,5000.00,0.8000,0.2000
"Ambar","Khatri","Male",36,25000.00,22000.00,3000.00,0.8800,0.1200
"Lata ","Agarwal","Female",28,25000.00,24000.00,1000.00,0.9600,0.0400
"Anaya","Agarwal","Female",25,24100.00,21000.00,3100.00,0.8714,0.1286
